listing_id,living_rooms,feature_list,source,total_bedrooms,new_home,uuid,content,branch_id,property_type,tenure,life_cycle_status,company_id,display_address,source_branch_id,creation_date,bathrooms,property_id,detailed_description,group_id,last_attempted_publish_date,source_id,category,summary_description,tenure_details.type,derived.parking,derived.outside_space,location.country_code,location.town_or_city,location.coordinates.latitude,location.coordinates.longitude,location.area_street_id,location.property_number_or_name,location.postal_code,location.street_name,pricing.price,pricing.price_qualifier,pricing.pricing_history,pricing.transaction_type,pricing.currency_code
36873677,1,"['Loft conversion', 'Solar panels', 'Basement storage']",manual_listings,2,False,99239D4B-2029-49B2-9BCA-FB47308A71E0,"[{'original': 'https://lc.zoocdn.com/8738bfb43170cf5333fadd0edc7ef381d008827f.jpg'}, {'original': 'https://lc.zoocdn.com/30159b579054bbafa6ce3b645859db8799de91d7.jpg'}]",25124,semi-detached,leasehold,for_sale,55289,"5 Victoria Road, London E1 6AN",25124,2025-03-06T13:52:56.007720,1,0,A 2-bedroom semi-detached with 1 bathroom(s) and a spacious living area.,109,2025-03-06T13:52:56.007741,913730,residential,"A 2-bedroom semi-detached with 1 bathroom(s), featuring Loft conversion, Solar panels, Basement storage.",leasehold,[],[],GB,London,54.679888,-4.025146,63022,5,E1 6AN,Victoria Road,478798,fixed_price,"[{'batch_creation_date': '2025-03-06T13:52:56.007744', 'price': 478798}]",sale,GBP
70807696,3,"['Parking', 'Garden', 'Double glazing', 'Central heating']",manual_listings,4,False,98F7A258-5815-4D07-B40A-58CB094A503A,"[{'original': 'https://lc.zoocdn.com/4e31c19a29b7bd25efcbd561582aae58b1b6f9c6.jpg'}, {'original': 'https://lc.zoocdn.com/0a4e0dad500e9c27fea607308985b787974e13d9.jpg'}]",72971,terraced,freehold,for_sale,47269,"23 Baker Street, Belfast G1 1DA",72971,2025-03-06T13:52:56.008007,2,0,A 4-bedroom terraced with 2 bathroom(s) and a spacious living area.,293,2025-03-06T13:52:56.008025,451237,residential,"A 4-bedroom terraced with 2 bathroom(s), featuring Parking, Garden, Double glazing, Central heating.",freehold,['residents_parking'],['private_garden'],GB,Belfast,52.82644,-0.663736,21974,23,G1 1DA,Baker Street,143535,fixed_price,"[{'batch_creation_date': '2025-03-06T13:52:56.008027', 'price': 143535}]",sale,GBP
17397437,2,"['Garage', 'Balcony', 'Open plan living', 'Underfloor heating']",manual_listings,4,False,E408EA1E-3746-4495-BCFD-3AC242808DBF,"[{'original': 'https://lc.zoocdn.com/e0d5c832cf3031fae08cc6c7e2a6833f20b418dc.png'}, {'original': 'https://lc.zoocdn.com/7fa1db6690aa8836590b301d515d014a65358d5d.jpg'}]",79770,semi-detached,freehold,for_sale,13575,"48 High Street, Cardiff SW1A 1AA",79770,2025-03-06T13:52:56.008186,2,0,A 4-bedroom semi-detached with 2 bathroom(s) and a spacious living area.,240,2025-03-06T13:52:56.008199,532498,residential,"A 4-bedroom semi-detached with 2 bathroom(s), featuring Garage, Balcony, Open plan living, Underfloor heating.",freehold,[],[],GB,Cardiff,56.731166,0.64357,74327,48,SW1A 1AA,High Street,964818,fixed_price,"[{'batch_creation_date': '2025-03-06T13:52:56.008202', 'price': 964818}]",sale,GBP
98067257,2,"['Loft conversion', 'Solar panels', 'Basement storage']",manual_listings,3,True,31229289-8F95-42D4-ACB5-81A40F9DC0BA,"[{'original': 'https://lc.zoocdn.com/579605f05725f4f06bf80a819e2f1f292e869048.jpg'}, {'original': 'https://lc.zoocdn.com/8d026e60e24b0b3fd63fd3977faeabe536e6ebaa.jpg'}]",39561,detached,freehold,for_sale,21294,"43 Main Street, Belfast G1 1DA",39561,2025-03-06T13:52:56.008543,1,0,A 3-bedroom detached with 1 bathroom(s) and a spacious living area.,341,2025-03-06T13:52:56.008559,164422,residential,"A 3-bedroom detached with 1 bathroom(s), featuring Loft conversion, Solar panels, Basement storage.",freehold,[],[],GB,Belfast,52.150414,0.441627,52665,43,G1 1DA,Main Street,422993,fixed_price,"[{'batch_creation_date': '2025-03-06T13:52:56.008561', 'price': 422993}]",sale,GBP
12125381,2,"['Loft conversion', 'Solar panels', 'Basement storage']",manual_listings,3,False,C74E2FEC-3A9D-41FC-8109-8630D4D03596,"[{'original': 'https://lc.zoocdn.com/a5cef01e03f4cf178080711241576073f595ffa6.jpg'}, {'original': 'https://lc.zoocdn.com/3f25a47cce3b75a4df952f7aab07dfb5c3310703.jpg'}]",13527,semi-detached,shared ownership,for_sale,45791,"66 Oxford Street, London M1 1AE",13527,2025-03-06T13:52:56.008690,1,0,A 3-bedroom semi-detached with 1 bathroom(s) and a spacious living area.,124,2025-03-06T13:52:56.008716,989179,residential,"A 3-bedroom semi-detached with 1 bathroom(s), featuring Loft conversion, Solar panels, Basement storage.",shared ownership,[],[],GB,London,57.580933,-4.50132,58397,66,M1 1AE,Oxford Street,659937,fixed_price,"[{'batch_creation_date': '2025-03-06T13:52:56.008719', 'price': 659937}]",sale,GBP
88461544,1,"['Loft conversion', 'Solar panels', 'Basement storage']",manual_listings,2,True,9C2F583D-367C-46B3-A836-517A44D3F243,"[{'original': 'https://lc.zoocdn.com/f5508d168e28e772f7780dd040b2922336422ffd.jpg'}, {'original': 'https://lc.zoocdn.com/3f25a47cce3b75a4df952f7aab07dfb5c3310703.jpg'}]",67340,detached,freehold,for_sale,28340,"7 Elm Grove, Aberdeen L1 8JQ",67340,2025-03-06T13:52:56.008781,2,0,A 2-bedroom detached with 2 bathroom(s) and a spacious living area.,226,2025-03-06T13:52:56.008787,952865,residential,"A 2-bedroom detached with 2 bathroom(s), featuring Loft conversion, Solar panels, Basement storage.",freehold,[],[],GB,Aberdeen,51.218575,-2.053082,61322,7,L1 8JQ,Elm Grove,647019,fixed_price,"[{'batch_creation_date': '2025-03-06T13:52:56.008788', 'price': 647019}]",sale,GBP
38463857,3,"['Driveway', 'Conservatory', 'New kitchen', 'Swimming pool']",manual_listings,4,False,28F64F86-5E19-42DC-B39D-7603DE54D126,"[{'original': 'https://lc.zoocdn.com/02b89de74683812a9a3948c667f744e8d14dd8ab.jpg'}, {'original': 'https://lc.zoocdn.com/5dc11053712cadd2a10a512e890305f896be9be7.jpg'}]",64909,flat,leasehold,for_sale,90763,"64 High Street, Edinburgh G1 1DA",64909,2025-03-06T13:52:56.008865,1,0,A 4-bedroom flat with 1 bathroom(s) and a spacious living area.,404,2025-03-06T13:52:56.008870,610011,residential,"A 4-bedroom flat with 1 bathroom(s), featuring Driveway, Conservatory, New kitchen, Swimming pool.",leasehold,[],[],GB,Edinburgh,53.728862,-0.750405,81749,64,G1 1DA,High Street,110637,fixed_price,"[{'batch_creation_date': '2025-03-06T13:52:56.008871', 'price': 110637}]",sale,GBP
41154556,1,"['Driveway', 'Conservatory', 'New kitchen', 'Swimming pool']",manual_listings,2,True,74F50FB8-A291-4115-8F96-F0864465DB0C,"[{'original': 'https://lc.zoocdn.com/06680b6c1db7feda66433223ae09d254f01ee568.jpg'}, {'original': 'https://lc.zoocdn.com/b1daf70220aa9ca9f5be3fa5f5e12503bea6b621.jpg'}]",38864,semi-detached,shared ownership,for_sale,82168,"41 Church Lane, Leeds SW1A 1AA",38864,2025-03-06T13:52:56.009045,1,0,A 2-bedroom semi-detached with 1 bathroom(s) and a spacious living area.,477,2025-03-06T13:52:56.009061,366420,residential,"A 2-bedroom semi-detached with 1 bathroom(s), featuring Driveway, Conservatory, New kitchen, Swimming pool.",shared ownership,[],[],GB,Leeds,53.384764,-3.0688,11342,41,SW1A 1AA,Church Lane,531818,fixed_price,"[{'batch_creation_date': '2025-03-06T13:52:56.009063', 'price': 531818}]",sale,GBP
79384872,1,"['Driveway', 'Conservatory', 'New kitchen', 'Swimming pool']",manual_listings,2,True,78E921B7-EF60-4FA0-9E2E-CD74F0293323,"[{'original': 'https://lc.zoocdn.com/30159b579054bbafa6ce3b645859db8799de91d7.jpg'}, {'original': 'https://lc.zoocdn.com/0bf4a98d6688aafdb534a32ddf56bdb7c6ad61a4.jpg'}]",74679,semi-detached,shared ownership,for_sale,81870,"43 Station Road, Liverpool M1 1AE",74679,2025-03-06T13:52:56.009342,3,0,A 2-bedroom semi-detached with 3 bathroom(s) and a spacious living area.,428,2025-03-06T13:52:56.009356,143955,residential,"A 2-bedroom semi-detached with 3 bathroom(s), featuring Driveway, Conservatory, New kitchen, Swimming pool.",shared ownership,[],[],GB,Liverpool,50.540664,0.59417,91909,43,M1 1AE,Station Road,949388,fixed_price,"[{'batch_creation_date': '2025-03-06T13:52:56.009358', 'price': 949388}]",sale,GBP
67141052,2,"['Loft conversion', 'Solar panels', 'Basement storage']",manual_listings,2,False,9CA90BC0-E7BE-4C8B-B6E9-4BC0A99FBDCD,"[{'original': 'https://lc.zoocdn.com/24098f2b89df16362a81764b16a9fa5b5f55fb6f.jpg'}, {'original': 'https://lc.zoocdn.com/cce5a08bf6225558d4be94d6befd0655172064d1.jpg'}]",23235,semi-detached,leasehold,for_sale,11197,"38 Park Avenue, Birmingham M1 1AE",23235,2025-03-06T13:52:56.009626,1,0,A 2-bedroom semi-detached with 1 bathroom(s) and a spacious living area.,434,2025-03-06T13:52:56.009639,313243,residential,"A 2-bedroom semi-detached with 1 bathroom(s), featuring Loft conversion, Solar panels, Basement storage.",leasehold,[],[],GB,Birmingham,50.165828,-1.731593,72523,38,M1 1AE,Park Avenue,171673,fixed_price,"[{'batch_creation_date': '2025-03-06T13:52:56.009642', 'price': 171673}]",sale,GBP
51139801,1,"['Garage', 'Balcony', 'Open plan living', 'Underfloor heating']",manual_listings,1,False,BF56E30A-2E61-4FDB-8694-EFC326307639,"[{'original': 'https://lc.zoocdn.com/b1daf70220aa9ca9f5be3fa5f5e12503bea6b621.jpg'}, {'original': 'https://lc.zoocdn.com/ab0e4a4cb643b0afd442ed34ae713f28271832ea.jpg'}]",37317,flat,shared ownership,for_sale,65525,"52 Park Avenue, Manchester G1 1DA",37317,2025-03-06T13:52:56.009703,3,0,A 1-bedroom flat with 3 bathroom(s) and a spacious living area.,112,2025-03-06T13:52:56.009709,564309,residential,"A 1-bedroom flat with 3 bathroom(s), featuring Garage, Balcony, Open plan living, Underfloor heating.",shared ownership,[],[],GB,Manchester,57.892277,0.212499,60235,52,G1 1DA,Park Avenue,587627,fixed_price,"[{'batch_creation_date': '2025-03-06T13:52:56.009710', 'price': 587627}]",sale,GBP
81170005,3,"['Driveway', 'Conservatory', 'New kitchen', 'Swimming pool']",manual_listings,3,True,02C6A25C-E79E-4F00-840C-9554B9B4DA3B,"[{'original': 'https://lc.zoocdn.com/5a876f422604b9e9b74dc2991824fa08437f7896.jpg'}, {'original': 'https://lc.zoocdn.com/56c89fccd64c92fb7cd46590e21a574151684dde.jpg'}]",43002,terraced,leasehold,for_sale,60820,"85 Victoria Road, Cardiff CF10 1EP",43002,2025-03-06T13:52:56.009756,2,0,A 3-bedroom terraced with 2 bathroom(s) and a spacious living area.,360,2025-03-06T13:52:56.009761,828860,residential,"A 3-bedroom terraced with 2 bathroom(s), featuring Driveway, Conservatory, New kitchen, Swimming pool.",leasehold,[],[],GB,Cardiff,54.719724,-4.705013,13394,85,CF10 1EP,Victoria Road,226910,fixed_price,"[{'batch_creation_date': '2025-03-06T13:52:56.009763', 'price': 226910}]",sale,GBP
67158982,2,"['Garage', 'Balcony', 'Open plan living', 'Underfloor heating']",manual_listings,1,True,44DB3443-0CDB-4285-8945-814B37F5D597,"[{'original': 'https://lc.zoocdn.com/326c0b313168a68e31223de93f55db2512a620da.jpg'}, {'original': 'https://lc.zoocdn.com/5e7c6955059078f2467489729eb34d5a3dc2d360.jpg'}]",19303,terraced,freehold,for_sale,30144,"69 Elm Grove, Belfast G1 1DA",19303,2025-03-06T13:52:56.009803,3,0,A 1-bedroom terraced with 3 bathroom(s) and a spacious living area.,350,2025-03-06T13:52:56.009807,205163,residential,"A 1-bedroom terraced with 3 bathroom(s), featuring Garage, Balcony, Open plan living, Underfloor heating.",freehold,[],[],GB,Belfast,56.134452,-3.050443,86220,69,G1 1DA,Elm Grove,215241,fixed_price,"[{'batch_creation_date': '2025-03-06T13:52:56.009809', 'price': 215241}]",sale,GBP
29144218,2,"['Parking', 'Garden', 'Double glazing', 'Central heating']",manual_listings,1,True,F4FB057A-8BD5-48FB-8321-F77C5F8A61F8,"[{'original': 'https://lc.zoocdn.com/c8d042d1c0de51bcb152db10d9508bca9677f804.jpg'}, {'original': 'https://lc.zoocdn.com/b1daf70220aa9ca9f5be3fa5f5e12503bea6b621.jpg'}]",68792,flat,leasehold,for_sale,81161,"10 King's Road, Birmingham E1 6AN",68792,2025-03-06T13:52:56.009843,3,0,A 1-bedroom flat with 3 bathroom(s) and a spacious living area.,329,2025-03-06T13:52:56.009847,517834,residential,"A 1-bedroom flat with 3 bathroom(s), featuring Parking, Garden, Double glazing, Central heating.",leasehold,['residents_parking'],['private_garden'],GB,Birmingham,55.311347,1.482035,93975,10,E1 6AN,King's Road,751302,fixed_price,"[{'batch_creation_date': '2025-03-06T13:52:56.009848', 'price': 751302}]",sale,GBP
94319548,3,"['Loft conversion', 'Solar panels', 'Basement storage']",manual_listings,4,True,CF6455A9-2D24-4D65-8C54-A5F80993DE59,"[{'original': 'https://lc.zoocdn.com/47fb991329276374057d039e15e40488c9a98eab.jpg'}, {'original': 'https://lc.zoocdn.com/fff106364d8f048692162f49a0025c37855f36a3.jpg'}]",61329,bungalow,leasehold,for_sale,27459,"24 King's Road, Manchester EH1 1YZ",61329,2025-03-06T13:52:56.009889,2,0,A 4-bedroom bungalow with 2 bathroom(s) and a spacious living area.,248,2025-03-06T13:52:56.009895,747262,residential,"A 4-bedroom bungalow with 2 bathroom(s), featuring Loft conversion, Solar panels, Basement storage.",leasehold,[],[],GB,Manchester,52.991841,-0.742827,44416,24,EH1 1YZ,King's Road,467732,fixed_price,"[{'batch_creation_date': '2025-03-06T13:52:56.009896', 'price': 467732}]",sale,GBP
40632671,1,"['Driveway', 'Conservatory', 'New kitchen', 'Swimming pool']",manual_listings,3,True,2ACCFC7A-48CD-4629-A3D6-7BFA3C3F58BE,"[{'original': 'https://lc.zoocdn.com/1e30aff491cd5e493c5c79a480a3ed0cfb4e0270.jpg'}, {'original': 'https://lc.zoocdn.com/513d486c92b612e92e275ee679c8494b9e28c867.jpg'}]",34511,bungalow,freehold,for_sale,68869,"31 Baker Street, Cardiff CF10 1EP",34511,2025-03-06T13:52:56.009931,2,0,A 3-bedroom bungalow with 2 bathroom(s) and a spacious living area.,447,2025-03-06T13:52:56.009935,405036,residential,"A 3-bedroom bungalow with 2 bathroom(s), featuring Driveway, Conservatory, New kitchen, Swimming pool.",freehold,[],[],GB,Cardiff,55.289432,1.30191,96140,31,CF10 1EP,Baker Street,909700,fixed_price,"[{'batch_creation_date': '2025-03-06T13:52:56.009937', 'price': 909700}]",sale,GBP
34143742,1,"['Loft conversion', 'Solar panels', 'Basement storage']",manual_listings,4,True,C024A61F-DCFA-4A01-B68A-254C39FF4265,"[{'original': 'https://lc.zoocdn.com/6eb89d6d8b50bcf7228df63b1feafcff9bd6aa9c.jpg'}, {'original': 'https://lc.zoocdn.com/b3633086c327e1d94715c89a836e0f1f18508a5a.jpg'}]",74855,terraced,shared ownership,for_sale,28770,"41 Main Street, Liverpool AB10 1AN",74855,2025-03-06T13:52:56.009972,3,0,A 4-bedroom terraced with 3 bathroom(s) and a spacious living area.,418,2025-03-06T13:52:56.009976,606089,residential,"A 4-bedroom terraced with 3 bathroom(s), featuring Loft conversion, Solar panels, Basement storage.",shared ownership,[],[],GB,Liverpool,57.670204,-4.94129,29059,41,AB10 1AN,Main Street,519393,fixed_price,"[{'batch_creation_date': '2025-03-06T13:52:56.009978', 'price': 519393}]",sale,GBP
34859784,2,"['Fireplace', 'Smart home features', 'Large garden']",manual_listings,5,True,082F8715-0C09-4CD7-AF25-D54FF6BC6BC8,"[{'original': 'https://lc.zoocdn.com/ecfd0f4cd9b96fd420cbd024d6c36e9a3e11e36b.jpg'}, {'original': 'https://lc.zoocdn.com/c567db7837f2294e2494c8a986f397097ba6d10f.jpg'}]",23094,detached,leasehold,for_sale,47597,"84 Elm Grove, Cardiff L1 8JQ",23094,2025-03-06T13:52:56.010026,1,0,A 5-bedroom detached with 1 bathroom(s) and a spacious living area.,363,2025-03-06T13:52:56.010030,465167,residential,"A 5-bedroom detached with 1 bathroom(s), featuring Fireplace, Smart home features, Large garden.",leasehold,[],[],GB,Cardiff,54.432622,0.75021,26636,84,L1 8JQ,Elm Grove,385221,fixed_price,"[{'batch_creation_date': '2025-03-06T13:52:56.010032', 'price': 385221}]",sale,GBP
18598198,2,"['Loft conversion', 'Solar panels', 'Basement storage']",manual_listings,4,False,29A2BEF5-4569-407E-AC44-E286716ACF24,"[{'original': 'https://lc.zoocdn.com/a366450e3b42aba96db157d54b18652dce91ecf8.jpg'}, {'original': 'https://lc.zoocdn.com/956e958480d39532cf25f3c8c231ccbf0cfb3eec.jpg'}]",60863,semi-detached,leasehold,for_sale,34732,"36 Station Road, Liverpool B1 1AA",60863,2025-03-06T13:52:56.010071,3,0,A 4-bedroom semi-detached with 3 bathroom(s) and a spacious living area.,388,2025-03-06T13:52:56.010075,553853,residential,"A 4-bedroom semi-detached with 3 bathroom(s), featuring Loft conversion, Solar panels, Basement storage.",leasehold,[],[],GB,Liverpool,57.543507,1.34058,66270,36,B1 1AA,Station Road,399726,fixed_price,"[{'batch_creation_date': '2025-03-06T13:52:56.010077', 'price': 399726}]",sale,GBP
33687851,1,"['Loft conversion', 'Solar panels', 'Basement storage']",manual_listings,1,False,A9FC9E48-6DB5-4308-BD95-1960C38108F0,"[{'original': 'https://lc.zoocdn.com/dcbbfbc84f9e0bdf9e45da9615d7f2e667a853d0.jpg'}, {'original': 'https://lc.zoocdn.com/2eb04b0adfd400243d3188631a0861eb6e8df674.jpg'}]",85131,bungalow,freehold,for_sale,50130,"30 Church Lane, London M1 1AE",85131,2025-03-06T13:52:56.010110,1,0,A 1-bedroom bungalow with 1 bathroom(s) and a spacious living area.,279,2025-03-06T13:52:56.010115,350496,residential,"A 1-bedroom bungalow with 1 bathroom(s), featuring Loft conversion, Solar panels, Basement storage.",freehold,[],[],GB,London,51.151213,-2.128735,23874,30,M1 1AE,Church Lane,554570,fixed_price,"[{'batch_creation_date': '2025-03-06T13:52:56.010116', 'price': 554570}]",sale,GBP
87194697,1,"['Parking', 'Garden', 'Double glazing', 'Central heating']",manual_listings,4,False,CA7AA24E-D55E-4DA3-A48C-D64FDDB94092,"[{'original': 'https://lc.zoocdn.com/8312c22244ecec1b8c1cd5be9069558ffc090661.jpg'}, {'original': 'https://lc.zoocdn.com/ab0e4a4cb643b0afd442ed34ae713f28271832ea.jpg'}]",53164,terraced,freehold,for_sale,15507,"37 Station Road, Aberdeen CF10 1EP",53164,2025-03-06T13:52:56.010163,2,0,A 4-bedroom terraced with 2 bathroom(s) and a spacious living area.,168,2025-03-06T13:52:56.010168,163904,residential,"A 4-bedroom terraced with 2 bathroom(s), featuring Parking, Garden, Double glazing, Central heating.",freehold,['residents_parking'],['private_garden'],GB,Aberdeen,56.578524,-0.937664,58434,37,CF10 1EP,Station Road,164646,fixed_price,"[{'batch_creation_date': '2025-03-06T13:52:56.010169', 'price': 164646}]",sale,GBP
23914386,2,"['Loft conversion', 'Solar panels', 'Basement storage']",manual_listings,1,False,AFAB753C-281C-494C-9132-2BECF57C66F8,"[{'original': 'https://lc.zoocdn.com/6c9d53d22a0b05c2bfcc74dee896705d29220c7b.jpg'}, {'original': 'https://lc.zoocdn.com/01bd6bac79e53d6ade2e9969791ffacc64864c74.jpg'}]",51511,flat,shared ownership,for_sale,97089,"78 Park Avenue, Edinburgh E1 6AN",51511,2025-03-06T13:52:56.010212,1,0,A 1-bedroom flat with 1 bathroom(s) and a spacious living area.,229,2025-03-06T13:52:56.010219,936696,residential,"A 1-bedroom flat with 1 bathroom(s), featuring Loft conversion, Solar panels, Basement storage.",shared ownership,[],[],GB,Edinburgh,56.424189,-4.511824,22366,78,E1 6AN,Park Avenue,176816,fixed_price,"[{'batch_creation_date': '2025-03-06T13:52:56.010222', 'price': 176816}]",sale,GBP
98425541,1,"['Garage', 'Balcony', 'Open plan living', 'Underfloor heating']",manual_listings,1,True,50BC53D6-0A41-453E-8457-7F55D0A019E4,"[{'original': 'https://lc.zoocdn.com/3cf5f7b2bdd592d4783550ce16b6b9373fc2d5ae.png'}, {'original': 'https://lc.zoocdn.com/82a621134c2912ab83d504af259c8e43b2d9c6ef.jpg'}]",16811,bungalow,freehold,for_sale,81887,"54 Oxford Street, Belfast E1 6AN",16811,2025-03-06T13:52:56.010266,3,0,A 1-bedroom bungalow with 3 bathroom(s) and a spacious living area.,421,2025-03-06T13:52:56.010273,818280,residential,"A 1-bedroom bungalow with 3 bathroom(s), featuring Garage, Balcony, Open plan living, Underfloor heating.",freehold,[],[],GB,Belfast,51.723819,-3.852709,99078,54,E1 6AN,Oxford Street,384100,fixed_price,"[{'batch_creation_date': '2025-03-06T13:52:56.010275', 'price': 384100}]",sale,GBP
29030319,2,"['Loft conversion', 'Solar panels', 'Basement storage']",manual_listings,1,False,C6863B1C-0C21-4CF9-81F8-872DAEFC4522,"[{'original': 'https://lc.zoocdn.com/9404c5b813f1990761bef46073f58cbcab2f5fa3.jpg'}, {'original': 'https://lc.zoocdn.com/43eebff9010736308e6997fff17292d2ce7f5638.jpg'}]",32701,terraced,shared ownership,for_sale,32891,"9 Main Street, Leeds CF10 1EP",32701,2025-03-06T13:52:56.010319,3,0,A 1-bedroom terraced with 3 bathroom(s) and a spacious living area.,166,2025-03-06T13:52:56.010324,787116,residential,"A 1-bedroom terraced with 3 bathroom(s), featuring Loft conversion, Solar panels, Basement storage.",shared ownership,[],[],GB,Leeds,55.297527,-2.113326,16391,9,CF10 1EP,Main Street,294448,fixed_price,"[{'batch_creation_date': '2025-03-06T13:52:56.010325', 'price': 294448}]",sale,GBP
58494439,3,"['Driveway', 'Conservatory', 'New kitchen', 'Swimming pool']",manual_listings,1,True,7AC2FCA4-00F3-4E60-A5EA-0BF2D8AA21F0,"[{'original': 'https://lc.zoocdn.com/28758377307b3186ba8695f4fa0d966f70abe534.jpg'}, {'original': 'https://lc.zoocdn.com/011d0453cecc397d4e5896d3f28ec2340622724a.jpg'}]",92445,detached,leasehold,for_sale,31603,"59 Station Road, Manchester M1 1AE",92445,2025-03-06T13:52:56.010365,3,0,A 1-bedroom detached with 3 bathroom(s) and a spacious living area.,307,2025-03-06T13:52:56.010370,398040,residential,"A 1-bedroom detached with 3 bathroom(s), featuring Driveway, Conservatory, New kitchen, Swimming pool.",leasehold,[],[],GB,Manchester,53.807119,-0.16051,71808,59,M1 1AE,Station Road,450518,fixed_price,"[{'batch_creation_date': '2025-03-06T13:52:56.010371', 'price': 450518}]",sale,GBP
92739202,3,"['Loft conversion', 'Solar panels', 'Basement storage']",manual_listings,3,True,2ED3363B-4776-46C0-A6A4-DA3995139A29,"[{'original': 'https://lc.zoocdn.com/73281f7522950ec86b5f8965ae0593c0b749f178.jpg'}, {'original': 'https://lc.zoocdn.com/5c9369f1a1cf05d360062419083f86ae8430a833.jpg'}]",13762,bungalow,leasehold,for_sale,85758,"90 Elm Grove, Liverpool B1 1AA",13762,2025-03-06T13:52:56.010424,2,0,A 3-bedroom bungalow with 2 bathroom(s) and a spacious living area.,395,2025-03-06T13:52:56.010428,848365,residential,"A 3-bedroom bungalow with 2 bathroom(s), featuring Loft conversion, Solar panels, Basement storage.",leasehold,[],[],GB,Liverpool,57.375958,1.133669,54086,90,B1 1AA,Elm Grove,852914,fixed_price,"[{'batch_creation_date': '2025-03-06T13:52:56.010429', 'price': 852914}]",sale,GBP
19900045,2,"['Driveway', 'Conservatory', 'New kitchen', 'Swimming pool']",manual_listings,3,False,37C5FB98-CECA-46DE-9F60-7B86C365ECBC,"[{'original': 'https://lc.zoocdn.com/e217d8bcd11c8863300b65de03ede597fa32d88c.jpg'}, {'original': 'https://lc.zoocdn.com/2301c24907f40bcff8842ae977ca358f34646246.jpg'}]",86831,detached,freehold,for_sale,54510,"4 Baker Street, Liverpool SW1A 1AA",86831,2025-03-06T13:52:56.010555,1,0,A 3-bedroom detached with 1 bathroom(s) and a spacious living area.,423,2025-03-06T13:52:56.010570,412062,residential,"A 3-bedroom detached with 1 bathroom(s), featuring Driveway, Conservatory, New kitchen, Swimming pool.",freehold,[],[],GB,Liverpool,50.537337,-3.076014,40810,4,SW1A 1AA,Baker Street,973297,fixed_price,"[{'batch_creation_date': '2025-03-06T13:52:56.010572', 'price': 973297}]",sale,GBP
20633758,1,"['Driveway', 'Conservatory', 'New kitchen', 'Swimming pool']",manual_listings,3,True,8C0CCA8A-3EEF-4FD7-AB01-D27A2CD60301,"[{'original': 'https://lc.zoocdn.com/c065228ed65ebc55b14d698a2cc09fb80f7adf5d.jpg'}, {'original': 'https://lc.zoocdn.com/3f25a47cce3b75a4df952f7aab07dfb5c3310703.jpg'}]",89714,flat,shared ownership,for_sale,68387,"81 King's Road, Cardiff G1 1DA",89714,2025-03-06T13:52:56.010625,2,0,A 3-bedroom flat with 2 bathroom(s) and a spacious living area.,102,2025-03-06T13:52:56.010630,131567,residential,"A 3-bedroom flat with 2 bathroom(s), featuring Driveway, Conservatory, New kitchen, Swimming pool.",shared ownership,[],[],GB,Cardiff,54.314938,0.318197,55009,81,G1 1DA,King's Road,351023,fixed_price,"[{'batch_creation_date': '2025-03-06T13:52:56.010632', 'price': 351023}]",sale,GBP
11239761,1,"['Garage', 'Balcony', 'Open plan living', 'Underfloor heating']",manual_listings,1,False,864AF007-9CDC-45F4-B9E9-019C838307D3,"[{'original': 'https://lc.zoocdn.com/c9d692240e382e844e4e661908f59d4d0c50b285.jpg'}, {'original': 'https://lc.zoocdn.com/aaa29485c2b373284d352f014972a38fd9660cbd.jpg'}]",56034,flat,shared ownership,for_sale,14760,"88 King's Road, London G1 1DA",56034,2025-03-06T13:52:56.010677,2,0,A 1-bedroom flat with 2 bathroom(s) and a spacious living area.,132,2025-03-06T13:52:56.010684,827898,residential,"A 1-bedroom flat with 2 bathroom(s), featuring Garage, Balcony, Open plan living, Underfloor heating.",shared ownership,[],[],GB,London,52.542529,-0.100961,47791,88,G1 1DA,King's Road,428506,fixed_price,"[{'batch_creation_date': '2025-03-06T13:52:56.010685', 'price': 428506}]",sale,GBP
16982300,3,"['Driveway', 'Conservatory', 'New kitchen', 'Swimming pool']",manual_listings,1,True,830622D3-249B-44F9-A06E-174D5F7631AF,"[{'original': 'https://lc.zoocdn.com/8ffe90f31c0165877a3f882373c1b8275e1ccd92.jpg'}, {'original': 'https://lc.zoocdn.com/061e50e96e79184890b5900cef5e6964cf870568.pdf'}]",97980,bungalow,freehold,for_sale,50504,"13 Station Road, Manchester EH1 1YZ",97980,2025-03-06T13:52:56.010748,3,0,A 1-bedroom bungalow with 3 bathroom(s) and a spacious living area.,101,2025-03-06T13:52:56.010753,935471,residential,"A 1-bedroom bungalow with 3 bathroom(s), featuring Driveway, Conservatory, New kitchen, Swimming pool.",freehold,[],[],GB,Manchester,50.671656,-0.370032,95470,13,EH1 1YZ,Station Road,719802,fixed_price,"[{'batch_creation_date': '2025-03-06T13:52:56.010755', 'price': 719802}]",sale,GBP
90335506,2,"['Driveway', 'Conservatory', 'New kitchen', 'Swimming pool']",manual_listings,4,False,C0AD0B1F-B3C0-41AF-9687-834184A5D37A,"[{'original': 'https://lc.zoocdn.com/fbc7e31a5604f24769627338bd7d09ffaae68855.jpg'}, {'original': 'https://lc.zoocdn.com/1c3c2abf5c21a9b72816fd7a1934faa6cf125142.jpg'}]",41870,semi-detached,leasehold,for_sale,71370,"86 High Street, Glasgow BT1 5GS",41870,2025-03-06T13:52:56.010807,2,0,A 4-bedroom semi-detached with 2 bathroom(s) and a spacious living area.,484,2025-03-06T13:52:56.010820,186695,residential,"A 4-bedroom semi-detached with 2 bathroom(s), featuring Driveway, Conservatory, New kitchen, Swimming pool.",leasehold,[],[],GB,Glasgow,51.280352,-0.852342,71085,86,BT1 5GS,High Street,451281,fixed_price,"[{'batch_creation_date': '2025-03-06T13:52:56.010821', 'price': 451281}]",sale,GBP
66661460,1,"['Garage', 'Balcony', 'Open plan living', 'Underfloor heating']",manual_listings,1,False,6C6728EE-D1C6-41DC-AC08-A8EA8A9506E3,"[{'original': 'https://lc.zoocdn.com/6de71cdb14c0a19724b40e45f701442704e43f8c.jpg'}, {'original': 'https://lc.zoocdn.com/d0036bdca78608587bbb6950ffbdf4eff7a229e4.png'}]",24144,detached,freehold,for_sale,37797,"54 Oxford Street, Edinburgh EH1 1YZ",24144,2025-03-06T13:52:56.010858,2,0,A 1-bedroom detached with 2 bathroom(s) and a spacious living area.,494,2025-03-06T13:52:56.010863,264970,residential,"A 1-bedroom detached with 2 bathroom(s), featuring Garage, Balcony, Open plan living, Underfloor heating.",freehold,[],[],GB,Edinburgh,55.808355,-1.055046,12474,54,EH1 1YZ,Oxford Street,949891,fixed_price,"[{'batch_creation_date': '2025-03-06T13:52:56.010864', 'price': 949891}]",sale,GBP
85011394,2,"['Garage', 'Balcony', 'Open plan living', 'Underfloor heating']",manual_listings,2,False,B495EAB4-A908-4A63-A0AD-7091B8137F8A,"[{'original': 'https://lc.zoocdn.com/9c2eca67a832abc6a1fe317453a869c282ad872f.jpg'}, {'original': 'https://lc.zoocdn.com/56c89fccd64c92fb7cd46590e21a574151684dde.jpg'}]",26453,detached,leasehold,for_sale,71013,"57 Church Lane, Birmingham BT1 5GS",26453,2025-03-06T13:52:56.010902,1,0,A 2-bedroom detached with 1 bathroom(s) and a spacious living area.,444,2025-03-06T13:52:56.010906,388562,residential,"A 2-bedroom detached with 1 bathroom(s), featuring Garage, Balcony, Open plan living, Underfloor heating.",leasehold,[],[],GB,Birmingham,57.270653,0.779234,66767,57,BT1 5GS,Church Lane,775669,fixed_price,"[{'batch_creation_date': '2025-03-06T13:52:56.010907', 'price': 775669}]",sale,GBP
28729242,2,"['Parking', 'Garden', 'Double glazing', 'Central heating']",manual_listings,4,False,EF0924B1-5834-4436-95D7-6634D2D99936,"[{'original': 'https://lc.zoocdn.com/1b08ce2180e2ea5f45f31055b915a83676f6dc29.jpg'}, {'original': 'https://lc.zoocdn.com/5f9586e45e469209aa9a49180877b45a5339f8cc.jpg'}]",23927,semi-detached,freehold,for_sale,16396,"31 Main Street, Edinburgh B1 1AA",23927,2025-03-06T13:52:56.010952,1,0,A 4-bedroom semi-detached with 1 bathroom(s) and a spacious living area.,494,2025-03-06T13:52:56.010956,468137,residential,"A 4-bedroom semi-detached with 1 bathroom(s), featuring Parking, Garden, Double glazing, Central heating.",freehold,['residents_parking'],['private_garden'],GB,Edinburgh,57.099625,-1.714923,91898,31,B1 1AA,Main Street,157005,fixed_price,"[{'batch_creation_date': '2025-03-06T13:52:56.010958', 'price': 157005}]",sale,GBP
28920186,1,"['Parking', 'Garden', 'Double glazing', 'Central heating']",manual_listings,2,False,7A5DE725-528B-43B0-8568-FBEF6BBA21D2,"[{'original': 'https://lc.zoocdn.com/82b378e4912195e9040512d938c1d05ebbfba231.jpg'}, {'original': 'https://lc.zoocdn.com/7fd11c78f1b7f05a5b699c72734710b5bdcd0c54.jpg'}]",88258,terraced,leasehold,for_sale,57074,"37 Oxford Street, Belfast EH1 1YZ",88258,2025-03-06T13:52:56.011009,2,0,A 2-bedroom terraced with 2 bathroom(s) and a spacious living area.,454,2025-03-06T13:52:56.011014,951852,residential,"A 2-bedroom terraced with 2 bathroom(s), featuring Parking, Garden, Double glazing, Central heating.",leasehold,['residents_parking'],['private_garden'],GB,Belfast,51.797297,-0.415337,45101,37,EH1 1YZ,Oxford Street,577438,fixed_price,"[{'batch_creation_date': '2025-03-06T13:52:56.011016', 'price': 577438}]",sale,GBP
25551299,1,"['Garage', 'Balcony', 'Open plan living', 'Underfloor heating']",manual_listings,1,False,0241677B-FA1F-440B-8CEA-A097FF088723,"[{'original': 'https://lc.zoocdn.com/42591e82820f2a793fc11b6d92a296d8d43b5ad9.jpg'}, {'original': 'https://lc.zoocdn.com/634ad21ea9c0985eca4d2e0908d76b3f5fa85d75.jpg'}]",71900,flat,shared ownership,for_sale,88567,"34 Victoria Road, London M1 1AE",71900,2025-03-06T13:52:56.011051,1,0,A 1-bedroom flat with 1 bathroom(s) and a spacious living area.,317,2025-03-06T13:52:56.011056,439086,residential,"A 1-bedroom flat with 1 bathroom(s), featuring Garage, Balcony, Open plan living, Underfloor heating.",shared ownership,[],[],GB,London,51.950966,-2.484293,29259,34,M1 1AE,Victoria Road,379943,fixed_price,"[{'batch_creation_date': '2025-03-06T13:52:56.011057', 'price': 379943}]",sale,GBP
35930615,2,"['Fireplace', 'Smart home features', 'Large garden']",manual_listings,4,True,8CDC1483-781E-459D-B0B0-A7A16862FF48,"[{'original': 'https://lc.zoocdn.com/90a970f45d15a9d2ab261d96c4e4d5c52ddb29ce.jpg'}, {'original': 'https://lc.zoocdn.com/0102b8361de1cc4d832c819abc60c0c895ccd6fc.png'}]",64128,semi-detached,freehold,for_sale,85279,"70 King's Road, Glasgow CF10 1EP",64128,2025-03-06T13:52:56.011101,3,0,A 4-bedroom semi-detached with 3 bathroom(s) and a spacious living area.,363,2025-03-06T13:52:56.011109,343322,residential,"A 4-bedroom semi-detached with 3 bathroom(s), featuring Fireplace, Smart home features, Large garden.",freehold,[],[],GB,Glasgow,51.845996,-4.192117,98973,70,CF10 1EP,King's Road,686873,fixed_price,"[{'batch_creation_date': '2025-03-06T13:52:56.011111', 'price': 686873}]",sale,GBP
46639920,3,"['Garage', 'Balcony', 'Open plan living', 'Underfloor heating']",manual_listings,5,False,F3848A6E-BDC3-43F3-805A-2B92D5351AD2,"[{'original': 'https://lc.zoocdn.com/7499b1efa25cecc633026e8b89b9aae323434766.jpg'}, {'original': 'https://lc.zoocdn.com/9ec4add6e2ca8475b990a5a7a82d8086ecc4a5fe.jpg'}]",31562,terraced,freehold,for_sale,73441,"34 Church Lane, Leeds EH1 1YZ",31562,2025-03-06T13:52:56.011156,1,0,A 5-bedroom terraced with 1 bathroom(s) and a spacious living area.,194,2025-03-06T13:52:56.011160,719419,residential,"A 5-bedroom terraced with 1 bathroom(s), featuring Garage, Balcony, Open plan living, Underfloor heating.",freehold,[],[],GB,Leeds,50.057371,-3.097903,51565,34,EH1 1YZ,Church Lane,386112,fixed_price,"[{'batch_creation_date': '2025-03-06T13:52:56.011161', 'price': 386112}]",sale,GBP
56557890,3,"['Driveway', 'Conservatory', 'New kitchen', 'Swimming pool']",manual_listings,4,True,0F47F7E2-CABB-4B82-BF20-91FA6B8F79F8,"[{'original': 'https://lc.zoocdn.com/8f6ca25d4ecf503566e94e978be148856181ad6b.jpg'}, {'original': 'https://lc.zoocdn.com/0e58912aaf6ec75d7cac4c438a1ab4898f0d0495.jpg'}]",10823,flat,shared ownership,for_sale,92698,"15 King's Road, Leeds EH1 1YZ",10823,2025-03-06T13:52:56.011196,2,0,A 4-bedroom flat with 2 bathroom(s) and a spacious living area.,292,2025-03-06T13:52:56.011201,673215,residential,"A 4-bedroom flat with 2 bathroom(s), featuring Driveway, Conservatory, New kitchen, Swimming pool.",shared ownership,[],[],GB,Leeds,56.788991,-3.117704,65596,15,EH1 1YZ,King's Road,418504,fixed_price,"[{'batch_creation_date': '2025-03-06T13:52:56.011202', 'price': 418504}]",sale,GBP
65791375,3,"['Parking', 'Garden', 'Double glazing', 'Central heating']",manual_listings,1,True,3AE7A3AC-62AE-4123-A3C0-AADB9D918705,"[{'original': 'https://lc.zoocdn.com/b63bcf70b6505817a6219b7def4024bf68bc014c.jpg'}, {'original': 'https://lc.zoocdn.com/d1c2f08147b09113bc59212cf0abe367582f2299.jpg'}]",33389,detached,shared ownership,for_sale,65377,"61 Elm Grove, Manchester SW1A 1AA",33389,2025-03-06T13:52:56.011235,3,0,A 1-bedroom detached with 3 bathroom(s) and a spacious living area.,462,2025-03-06T13:52:56.011239,170068,residential,"A 1-bedroom detached with 3 bathroom(s), featuring Parking, Garden, Double glazing, Central heating.",shared ownership,['residents_parking'],['private_garden'],GB,Manchester,56.544732,-4.378984,21061,61,SW1A 1AA,Elm Grove,361527,fixed_price,"[{'batch_creation_date': '2025-03-06T13:52:56.011240', 'price': 361527}]",sale,GBP
45187752,3,"['Loft conversion', 'Solar panels', 'Basement storage']",manual_listings,2,False,D220BF2C-F4AF-4E6B-BF8E-0FF2A6C734D7,"[{'original': 'https://lc.zoocdn.com/2eb04b0adfd400243d3188631a0861eb6e8df674.jpg'}, {'original': 'https://lc.zoocdn.com/43eebff9010736308e6997fff17292d2ce7f5638.jpg'}]",52335,semi-detached,leasehold,for_sale,95763,"69 Church Lane, Cardiff E1 6AN",52335,2025-03-06T13:52:56.011272,2,0,A 2-bedroom semi-detached with 2 bathroom(s) and a spacious living area.,477,2025-03-06T13:52:56.011276,991834,residential,"A 2-bedroom semi-detached with 2 bathroom(s), featuring Loft conversion, Solar panels, Basement storage.",leasehold,[],[],GB,Cardiff,53.403776,-4.189935,87540,69,E1 6AN,Church Lane,859488,fixed_price,"[{'batch_creation_date': '2025-03-06T13:52:56.011277', 'price': 859488}]",sale,GBP
57625859,1,"['Parking', 'Garden', 'Double glazing', 'Central heating']",manual_listings,3,False,EC1969AD-45F4-49CA-8F76-0E66BA48EA77,"[{'original': 'https://lc.zoocdn.com/634ad21ea9c0985eca4d2e0908d76b3f5fa85d75.jpg'}, {'original': 'https://lc.zoocdn.com/59c23a70e47662122c0088d9199ac5b42b9b75fc.jpg'}]",35771,detached,shared ownership,for_sale,38869,"44 Elm Grove, Birmingham G1 1DA",35771,2025-03-06T13:52:56.011328,1,0,A 3-bedroom detached with 1 bathroom(s) and a spacious living area.,383,2025-03-06T13:52:56.011333,946059,residential,"A 3-bedroom detached with 1 bathroom(s), featuring Parking, Garden, Double glazing, Central heating.",shared ownership,['residents_parking'],['private_garden'],GB,Birmingham,50.920451,-4.800977,78742,44,G1 1DA,Elm Grove,325411,fixed_price,"[{'batch_creation_date': '2025-03-06T13:52:56.011334', 'price': 325411}]",sale,GBP
69842781,2,"['Driveway', 'Conservatory', 'New kitchen', 'Swimming pool']",manual_listings,3,False,7E042D11-730B-49C9-94B0-68EBC7E2C8B9,"[{'original': 'https://lc.zoocdn.com/78f754d969424686341caab3153585daebf0a518.jpg'}, {'original': 'https://lc.zoocdn.com/288ae547d6ae0a7f979169bb109be1eaf46fba29.jpg'}]",59964,terraced,freehold,for_sale,48088,"97 Victoria Road, Liverpool M1 1AE",59964,2025-03-06T13:52:56.011368,2,0,A 3-bedroom terraced with 2 bathroom(s) and a spacious living area.,193,2025-03-06T13:52:56.011372,628397,residential,"A 3-bedroom terraced with 2 bathroom(s), featuring Driveway, Conservatory, New kitchen, Swimming pool.",freehold,[],[],GB,Liverpool,56.494073,-0.953406,98132,97,M1 1AE,Victoria Road,466537,fixed_price,"[{'batch_creation_date': '2025-03-06T13:52:56.011374', 'price': 466537}]",sale,GBP
37516257,3,"['Driveway', 'Conservatory', 'New kitchen', 'Swimming pool']",manual_listings,3,False,43EB7C0F-2B3E-41B9-B871-92C7D0F5A7AD,"[{'original': 'https://lc.zoocdn.com/bea14e77e14668b5950bf09190f0dad05132e90f.jpg'}, {'original': 'https://lc.zoocdn.com/124edb41f803907be422767525d425aece21c26c.jpg'}]",97931,semi-detached,freehold,for_sale,16604,"66 Baker Street, Birmingham B1 1AA",97931,2025-03-06T13:52:56.011436,2,0,A 3-bedroom semi-detached with 2 bathroom(s) and a spacious living area.,498,2025-03-06T13:52:56.011442,413128,residential,"A 3-bedroom semi-detached with 2 bathroom(s), featuring Driveway, Conservatory, New kitchen, Swimming pool.",freehold,[],[],GB,Birmingham,53.797371,-1.860194,72494,66,B1 1AA,Baker Street,957655,fixed_price,"[{'batch_creation_date': '2025-03-06T13:52:56.011444', 'price': 957655}]",sale,GBP
68552558,1,"['Garage', 'Balcony', 'Open plan living', 'Underfloor heating']",manual_listings,2,True,789C0191-43D6-4A5C-B613-DD15BA6470E7,"[{'original': 'https://lc.zoocdn.com/84c96378381a0ff8f526d149af2cad0cf5891efc.jpg'}, {'original': 'https://lc.zoocdn.com/59c23a70e47662122c0088d9199ac5b42b9b75fc.jpg'}]",41066,bungalow,freehold,for_sale,57257,"8 Park Avenue, Birmingham CF10 1EP",41066,2025-03-06T13:52:56.011488,3,0,A 2-bedroom bungalow with 3 bathroom(s) and a spacious living area.,450,2025-03-06T13:52:56.011500,941201,residential,"A 2-bedroom bungalow with 3 bathroom(s), featuring Garage, Balcony, Open plan living, Underfloor heating.",freehold,[],[],GB,Birmingham,53.672607,-2.75875,39922,8,CF10 1EP,Park Avenue,856424,fixed_price,"[{'batch_creation_date': '2025-03-06T13:52:56.011501', 'price': 856424}]",sale,GBP
60278020,2,"['Parking', 'Garden', 'Double glazing', 'Central heating']",manual_listings,2,False,D1D9414C-8B8B-41FA-A838-65A6D65B09B7,"[{'original': 'https://lc.zoocdn.com/d642ce897516a1085f12ba9d705b674446688461.jpg'}, {'original': 'https://lc.zoocdn.com/d9fa5442251765d1b4669b29456c9599dc91f266.jpg'}]",58646,flat,freehold,for_sale,65743,"36 Station Road, Birmingham L1 8JQ",58646,2025-03-06T13:52:56.011540,3,0,A 2-bedroom flat with 3 bathroom(s) and a spacious living area.,210,2025-03-06T13:52:56.011545,995486,residential,"A 2-bedroom flat with 3 bathroom(s), featuring Parking, Garden, Double glazing, Central heating.",freehold,['residents_parking'],['private_garden'],GB,Birmingham,56.573446,-3.992394,35410,36,L1 8JQ,Station Road,493914,fixed_price,"[{'batch_creation_date': '2025-03-06T13:52:56.011547', 'price': 493914}]",sale,GBP
27880569,1,"['Loft conversion', 'Solar panels', 'Basement storage']",manual_listings,1,True,D90EBBA4-0436-4847-BB26-D46D51F1BE0D,"[{'original': 'https://lc.zoocdn.com/4af54c33c64129b51563ba6a31c122439bea75c3.jpg'}, {'original': 'https://lc.zoocdn.com/45b87ced4d6b49b35d633a1b4b56fd8dd0c15fb3.pdf'}]",71929,flat,freehold,for_sale,52173,"94 King's Road, Belfast EH1 1YZ",71929,2025-03-06T13:52:56.011581,1,0,A 1-bedroom flat with 1 bathroom(s) and a spacious living area.,454,2025-03-06T13:52:56.011585,813675,residential,"A 1-bedroom flat with 1 bathroom(s), featuring Loft conversion, Solar panels, Basement storage.",freehold,[],[],GB,Belfast,52.431023,0.6041,66565,94,EH1 1YZ,King's Road,461167,fixed_price,"[{'batch_creation_date': '2025-03-06T13:52:56.011590', 'price': 461167}]",sale,GBP
53136747,2,"['Loft conversion', 'Solar panels', 'Basement storage']",manual_listings,4,False,93FA2D73-0A9A-4E10-ABE6-0CB57AE771F9,"[{'original': 'https://lc.zoocdn.com/cb97add4cddbb1b746dd5874a83b057e0d13a0d5.jpg'}, {'original': 'https://lc.zoocdn.com/cce5a08bf6225558d4be94d6befd0655172064d1.jpg'}]",87316,flat,leasehold,for_sale,63548,"87 Church Lane, Belfast CF10 1EP",87316,2025-03-06T13:52:56.011644,2,0,A 4-bedroom flat with 2 bathroom(s) and a spacious living area.,361,2025-03-06T13:52:56.011649,986811,residential,"A 4-bedroom flat with 2 bathroom(s), featuring Loft conversion, Solar panels, Basement storage.",leasehold,[],[],GB,Belfast,56.115478,-0.774194,96213,87,CF10 1EP,Church Lane,446013,fixed_price,"[{'batch_creation_date': '2025-03-06T13:52:56.011651', 'price': 446013}]",sale,GBP
43467847,3,"['Driveway', 'Conservatory', 'New kitchen', 'Swimming pool']",manual_listings,4,True,913AB382-ECD4-4C77-8A16-00E11B63FF4B,"[{'original': 'https://lc.zoocdn.com/3474a8f46af6b37c14bef2774c89ad03fbbbc926.jpg'}, {'original': 'https://lc.zoocdn.com/45b87ced4d6b49b35d633a1b4b56fd8dd0c15fb3.pdf'}]",36814,semi-detached,leasehold,for_sale,88912,"96 Baker Street, Manchester SW1A 1AA",36814,2025-03-06T13:52:56.011683,1,0,A 4-bedroom semi-detached with 1 bathroom(s) and a spacious living area.,157,2025-03-06T13:52:56.011688,960891,residential,"A 4-bedroom semi-detached with 1 bathroom(s), featuring Driveway, Conservatory, New kitchen, Swimming pool.",leasehold,[],[],GB,Manchester,51.468523,0.767301,87832,96,SW1A 1AA,Baker Street,573798,fixed_price,"[{'batch_creation_date': '2025-03-06T13:52:56.011689', 'price': 573798}]",sale,GBP
21853611,3,"['Garage', 'Balcony', 'Open plan living', 'Underfloor heating']",manual_listings,4,True,A399C838-1A55-4185-9B47-555A73E3E05D,"[{'original': 'https://lc.zoocdn.com/f5d4aa0f55bdf67e601f299704b7d61e587d2863.jpg'}, {'original': 'https://lc.zoocdn.com/5c9369f1a1cf05d360062419083f86ae8430a833.jpg'}]",75642,terraced,shared ownership,for_sale,37386,"44 Church Lane, Aberdeen BT1 5GS",75642,2025-03-06T13:52:56.011744,3,0,A 4-bedroom terraced with 3 bathroom(s) and a spacious living area.,448,2025-03-06T13:52:56.011757,491613,residential,"A 4-bedroom terraced with 3 bathroom(s), featuring Garage, Balcony, Open plan living, Underfloor heating.",shared ownership,[],[],GB,Aberdeen,55.116493,-0.011403,54271,44,BT1 5GS,Church Lane,676319,fixed_price,"[{'batch_creation_date': '2025-03-06T13:52:56.011759', 'price': 676319}]",sale,GBP
